{"cameraMode":{"drawMode":0,"name":"Shaded","section":"Shading Mode"},"sceneLighting":true,"audioPlay":false,"sceneViewState":{"m_AlwaysRefresh":false,"showFog":true,"showSkybox":true,"showFlares":true,"showImageEffects":true,"showParticleSystems":true,"showVisualEffectGraphs":true,"m_FxEnabled":true},"in2DMode":false,"pivot":{"x":0.6413044929504395,"y":3.156914710998535,"z":-0.02324068546295166},"rotation":{"x":-0.06752435863018036,"y":-0.6427645683288574,"z":0.05703505128622055,"w":-0.7609884738922119},"size":4.059356689453125,"orthographic":false}